City_ID,City,Lat,Lng,Max Temp,Humidity,Cloudiness,Wind Speed,Country,Date
0,thompson,55.7435,-97.8558,-9.91,44,20,7.72,CA,1680206439
1,hermanus,-34.4187,19.2345,12.67,81,98,2.39,ZA,1680206654
2,kapaa,22.0752,-159.319,27.18,81,100,6.17,US,1680206654
3,punta arenas,-53.15,-70.9167,9.06,49,0,9.77,CL,1680206567
4,cape town,-33.9258,18.4232,17.73,77,20,8.23,ZA,1680206654
5,severo-kurilsk,50.6789,156.125,-0.66,73,4,2.31,RU,1680206655
6,vaini,-21.2,-175.2,27.09,78,20,3.6,TO,1680206655
7,vardo,70.3705,31.1107,-6.01,93,75,8.75,NO,1680206655
8,lastoursville,-0.8143,12.7287,21.92,98,82,0.97,GA,1680206655
9,butaritari,3.0707,172.7902,27.7,79,97,5.15,KI,1680206655
10,xining,36.6167,101.7667,4.39,64,3,0.82,CN,1680206656
11,sao joao da barra,-21.6403,-41.0511,29.05,73,99,6.65,BR,1680206656
12,sept-iles,50.2001,-66.3821,-0.53,94,100,9.26,CA,1680206656
13,haines junction,60.7522,-137.5108,-2.03,54,100,0.0,CA,1680206656
14,atar,20.5169,-13.0499,32.33,13,94,3.2,MR,1680206656
15,grand gaube,-20.0064,57.6608,26.88,80,23,3.58,MU,1680206657
16,touros,-5.1989,-35.4608,27.26,76,59,5.49,BR,1680206657
17,kupang,-10.1667,123.5833,24.69,85,100,2.8,ID,1680206657
18,someru,59.3611,26.4375,-2.19,94,74,1.46,EE,1680206658
19,darhan,49.4867,105.9228,6.55,34,100,3.47,MN,1680206658
20,tuktoyaktuk,69.4541,-133.0374,-20.0,77,0,5.14,CA,1680206658
21,rikitea,-23.1203,-134.9692,26.06,72,98,1.9,PF,1680206658
22,avarua,-21.2078,-159.775,28.03,89,40,5.66,CK,1680206658
23,bluff,-46.6,168.3333,8.97,90,42,4.03,NZ,1680206659
24,bubaque,11.2833,-15.8333,25.16,74,5,7.91,GW,1680206659
25,barrow,71.2906,-156.7887,-16.99,85,0,4.12,US,1680206659
26,port alfred,-33.5906,26.891,15.1,84,26,1.34,ZA,1680206659
27,dambulla,7.86,80.6517,22.36,89,99,0.92,LK,1680206659
28,ushuaia,-54.8,-68.3,7.81,53,40,6.17,AR,1680206446
29,erdenet,49.0333,104.0833,3.27,39,38,4.76,MN,1680206660
30,rock sound,24.9,-76.2,23.74,76,39,8.81,BS,1680206660
31,flinders,-34.5833,150.8552,15.1,68,0,1.79,AU,1680206660
32,vao,-22.6667,167.4833,24.94,80,22,4.85,NC,1680206660
33,petropavlovsk-kamchatskiy,53.0452,158.6483,-3.67,80,0,2.0,RU,1680206660
34,pombia,45.653,8.6336,12.79,82,40,1.34,IT,1680206661
35,tsaratanana,-16.7833,47.65,23.3,91,100,1.87,MG,1680206661
36,lebu,-37.6167,-73.65,14.74,70,86,7.31,CL,1680206661
37,hithadhoo,-0.6,73.0833,28.0,75,7,3.9,MV,1680206661
38,benghazi,32.1167,20.0667,14.48,60,0,3.79,LY,1680206661
39,tiksi,71.6872,128.8694,-30.37,100,100,2.74,RU,1680206662
40,maniitsoq,65.4167,-52.9,-7.78,71,0,2.78,GL,1680206662
41,rawson,-43.3002,-65.1023,12.06,62,100,9.21,AR,1680206581
42,busselton,-33.65,115.3333,17.3,75,100,6.39,AU,1680206662
43,logan,41.7355,-111.8344,3.47,76,93,3.58,US,1680206657
44,shu,43.5983,73.7614,11.71,60,15,3.69,KZ,1680206662
45,coihaique,-45.5752,-72.0662,11.34,54,40,2.57,CL,1680206662
46,chuy,-33.6971,-53.4616,19.68,90,100,4.45,UY,1680206662
47,wahiawa,21.5028,-158.0236,25.35,76,100,1.54,US,1680206663
48,mataura,-46.1927,168.8643,6.72,96,42,1.37,NZ,1680206663
49,constitucion,-35.3333,-72.4167,19.55,42,50,8.18,CL,1680206663
50,fayaoue,-20.65,166.5333,26.31,80,100,4.99,NC,1680206663
51,gizo,-8.103,156.8419,27.27,77,89,2.4,SB,1680206663
52,airai,-8.9266,125.4092,15.35,96,100,0.89,TL,1680206664
53,behshahr,36.6923,53.5526,15.97,55,0,5.22,IR,1680206664
54,upernavik,72.7868,-56.1549,-25.77,92,41,3.14,GL,1680206664
55,coyah,9.75,-13.4167,29.53,82,17,2.51,GN,1680206664
56,rio gallegos,-51.6226,-69.2181,10.03,37,20,7.72,AR,1680206430
57,bambous virieux,-20.3428,57.7575,26.79,85,75,6.32,MU,1680206664
58,sterling,39.0062,-77.4286,13.22,31,0,3.13,US,1680206597
59,halifax,44.6453,-63.5724,3.0,92,100,10.29,CA,1680206451
60,albany,42.6001,-73.9662,4.41,36,88,0.89,US,1680206448
61,tecoanapa,16.5167,-98.75,30.81,56,58,5.23,MX,1680206665
62,atuona,-9.8,-139.0333,26.95,75,5,6.92,PF,1680206665
63,ballina,-28.8667,153.5667,13.77,70,3,3.61,AU,1680206665
64,georgetown,5.4112,100.3354,27.97,83,20,1.54,MY,1680206428
65,baculin,7.4525,126.5842,25.06,87,100,3.03,PH,1680206665
66,chicama,-7.8447,-79.1469,29.3,61,87,4.71,PE,1680206665
67,freetown,8.484,-13.2299,26.03,83,10,2.7,SL,1680206665
68,oranmore,53.2683,-8.92,9.34,88,100,5.86,IE,1680206665
69,newport,51.5877,-2.9984,12.06,90,100,5.49,GB,1680206424
70,mount isa,-20.7333,139.5,19.87,64,9,0.0,AU,1680206666
71,bintulu,3.1667,113.0333,25.23,94,20,0.0,MY,1680206666
72,mahebourg,-20.4081,57.7,26.81,85,86,6.46,MU,1680206666
73,ilulissat,69.2167,-51.1,-13.99,72,20,1.54,GL,1680206669
74,lorengau,-2.0226,147.2712,25.88,81,100,0.7,PG,1680206669
75,acapulco,16.8634,-99.8901,29.9,66,75,6.69,MX,1680206669
76,hobart,-42.8794,147.3294,13.48,81,75,0.0,AU,1680206643
77,saskylakh,71.9167,114.0833,-32.62,100,97,2.4,RU,1680206669
78,sao raimundo nonato,-9.0153,-42.6994,28.23,60,90,1.47,BR,1680206512
79,hilo,19.7297,-155.09,26.82,88,75,2.24,US,1680206553
80,hervey bay,-25.2986,152.8535,20.41,59,88,4.31,AU,1680206670
81,mildura,-34.2,142.15,10.04,85,51,3.17,AU,1680206670
82,zolochiv,49.806,24.8944,4.74,81,100,4.01,UA,1680206670
83,ifanadiana,-21.3,47.6333,21.51,100,100,0.59,MG,1680206670
84,qaanaaq,77.484,-69.3632,-22.16,70,23,1.55,GL,1680206670
85,kodiak,57.79,-152.4072,2.73,87,100,5.14,US,1680206670
86,buin,-33.7333,-70.75,31.18,11,8,4.0,CL,1680206670
87,magadan,59.5667,150.8,-12.48,83,100,2.97,RU,1680206671
88,port elizabeth,-33.918,25.5701,17.16,80,0,6.71,ZA,1680206598
89,tasiilaq,65.6145,-37.6368,-4.91,94,100,3.72,GL,1680206671
90,jamestown,42.097,-79.2353,4.18,49,0,3.09,US,1680206442
91,inverness,57.4791,-4.224,10.44,90,20,0.0,GB,1680206671
92,talnakh,69.4865,88.3972,-28.22,99,68,3.08,RU,1680206671
93,nikolskoye,59.7035,30.7861,-3.06,98,73,1.99,RU,1680206671
94,amahai,-3.3333,128.9167,25.53,81,91,1.47,ID,1680206671
95,tual,-5.6667,132.75,28.27,75,100,4.45,ID,1680206671
96,bondo,3.8146,23.6866,21.73,97,100,1.6,CD,1680206672
97,kautokeino,69.0125,23.0412,-6.61,96,100,2.68,NO,1680206672
98,tuatapere,-46.1333,167.6833,5.91,88,28,1.93,NZ,1680206672
99,nizwa,22.9333,57.5333,23.24,25,0,1.58,OM,1680206672
100,coahuayana,18.7333,-103.6833,33.46,28,100,3.29,MX,1680206672
101,saint-louis,16.3333,-15.0,34.31,7,3,3.35,SN,1680206672
102,ilebo,-4.3167,20.5833,21.15,99,100,0.58,CD,1680206672
103,tumen,42.9661,129.8425,6.08,50,0,0.97,CN,1680206672
104,bengkulu,-3.8004,102.2655,22.83,90,100,1.94,ID,1680206673
105,kaka,37.3482,59.6143,21.46,37,0,2.9,TM,1680206673
106,colima,19.1667,-104.0,27.78,22,100,3.3,MX,1680206649
107,ponta do sol,32.6667,-17.1,22.35,66,12,1.94,PT,1680206673
108,yellowknife,62.456,-114.3525,-11.71,56,40,2.06,CA,1680206560
109,dikson,73.5069,80.5464,-26.59,100,97,2.92,RU,1680206673
110,umba,66.6871,34.3429,-8.88,92,13,4.26,RU,1680206674
111,buala,-8.145,159.5921,26.06,80,74,1.3,SB,1680206674
112,torbay,47.6666,-52.7314,2.93,63,20,3.6,CA,1680206674
113,namatanai,-3.6667,152.4333,24.93,85,100,2.33,PG,1680206674
114,lavrentiya,65.5833,-171.0,-7.65,80,100,4.09,RU,1680206674
115,gat,31.61,34.7642,12.38,100,44,6.69,IL,1680206674
116,hofn,64.2539,-15.2082,7.24,96,100,9.76,IS,1680206674
117,nantucket,41.2835,-70.0995,4.06,52,1,8.61,US,1680206477
118,bredasdorp,-34.5322,20.0403,15.54,80,100,0.93,ZA,1680206674
119,praxedis guerrero,31.3667,-106.0167,24.7,7,0,9.09,MX,1680206675
120,chokurdakh,70.6333,147.9167,-23.62,99,100,2.12,RU,1680206675
121,wodonga,-36.1167,146.8833,11.65,100,45,0.47,AU,1680206675
122,villa del rosario,7.8339,-72.4742,27.21,54,40,7.2,CO,1680206436
123,carnarvon,-24.8667,113.6333,23.3,72,100,4.56,AU,1680206675
124,saint george,37.1041,-113.5841,9.41,59,100,5.36,US,1680206478
125,port blair,11.6667,92.75,27.02,83,40,1.03,IN,1680206675
126,marienburg,54.0359,19.0266,9.93,97,100,4.29,PL,1680206675
127,pangnirtung,66.1451,-65.7125,-13.0,66,75,0.0,CA,1680206676
128,yulara,-25.2406,130.9889,20.19,54,100,6.71,AU,1680206676
129,kamina,-8.7386,24.9906,18.08,98,100,2.14,CD,1680206677
130,botwood,49.1499,-55.3482,5.5,76,97,1.28,CA,1680206677
131,saldanha,-33.0117,17.9442,17.03,82,65,9.2,ZA,1680206677
132,burgeo,47.6167,-57.6152,1.05,82,79,4.63,CA,1680206677
133,geraldton,-28.7667,114.6,20.23,88,0,4.12,AU,1680206677
134,ribeira grande,38.5167,-28.7,16.54,88,75,1.79,PT,1680206677
135,cidreira,-30.1811,-50.2056,26.0,69,100,3.59,BR,1680206677
136,yen bai,21.7,104.8667,19.52,91,100,0.35,VN,1680206678
137,poum,-20.2333,164.0167,26.66,77,69,6.56,NC,1680206678
138,salalah,17.0151,54.0924,26.01,56,6,1.68,OM,1680206678
139,ahipara,-35.1667,173.1667,13.07,72,9,2.31,NZ,1680206678
140,matagami,49.7502,-77.6328,-1.94,34,40,5.66,CA,1680206678
141,gorontalo,0.5412,123.0595,23.55,95,100,1.5,ID,1680206678
142,kieta,-6.2167,155.6333,26.29,80,100,1.88,PG,1680206453
143,xambioa,-6.4111,-48.5364,27.16,92,68,1.23,BR,1680206679
144,bonthe,7.5264,-12.505,26.53,78,82,2.89,SL,1680206679
145,east london,-33.0153,27.9116,17.79,77,4,5.34,ZA,1680206679
146,barra,-11.0894,-43.1417,30.49,48,100,3.95,BR,1680206679
147,dawlatabad,36.4141,64.9053,19.65,49,12,1.53,AF,1680206679
148,roebourne,-20.7833,117.1333,27.21,80,51,2.81,AU,1680206679
149,grand-lahou,5.1367,-5.0242,26.42,84,33,3.36,CI,1680206679
150,new norfolk,-42.7826,147.0587,13.29,81,100,0.45,AU,1680206680
151,rincon,32.296,-81.2354,21.62,34,0,7.2,US,1680206680
152,castro,-24.7911,-50.0119,23.75,76,21,1.27,BR,1680206680
153,kavieng,-2.5744,150.7967,25.53,84,100,3.19,PG,1680206680
154,puerto ayora,-0.7393,-90.3518,30.98,93,68,3.58,EC,1680206680
155,port hawkesbury,45.6169,-61.3485,4.98,75,20,6.69,CA,1680206680
156,saint-philippe,-21.3585,55.7679,25.77,87,59,4.37,RE,1680206680
157,kapuskasing,49.4169,-82.4331,1.05,47,100,9.26,CA,1680206403
158,saint-michel-des-saints,46.6834,-73.9159,-4.81,80,100,5.37,CA,1680206457
159,norsup,-16.0667,167.3833,26.88,82,100,2.14,VU,1680206681
160,san andres,12.5847,-81.7006,31.01,55,20,7.2,CO,1680206681
161,pokhara,28.2333,83.9833,18.61,37,100,2.82,NP,1680206682
162,gunjur,13.2019,-16.7339,25.04,69,0,3.09,GM,1680206682
163,great yarmouth,52.6083,1.7305,12.45,91,45,6.69,GB,1680206682
164,kloulklubed,7.0419,134.2556,28.25,70,41,1.44,PW,1680206682
165,los llanos de aridane,28.6585,-17.9182,23.86,31,0,5.66,ES,1680206682
166,sandpoint,48.2766,-116.5533,9.45,47,40,2.57,US,1680206683
167,caravelas,-17.7125,-39.2481,26.95,69,0,3.57,BR,1680206639
168,cherskiy,68.75,161.3,-11.35,96,100,3.48,RU,1680206683
169,walvis bay,-22.9575,14.5053,15.53,82,0,1.03,NA,1680206683
170,marsa matruh,31.3525,27.2453,14.11,47,0,2.57,EG,1680206683
171,ossora,59.2353,163.0719,-14.37,90,18,1.71,RU,1680206683
172,tezu,27.9167,96.1667,17.22,58,32,2.0,IN,1680206683
173,uhlove,44.8215,33.6045,3.68,62,92,3.56,UA,1680206683
174,namibe,-15.1961,12.1522,23.34,80,100,2.92,AO,1680206684
175,mount gambier,-37.8333,140.7667,12.98,84,89,2.15,AU,1680206684
176,selenduma,50.9131,106.2406,4.31,50,81,0.32,RU,1680206684
177,cape coast,5.1053,-1.2466,27.38,80,94,5.05,GH,1680206684
178,nouadhibou,20.931,-17.0347,23.99,57,0,5.66,MR,1680206684
179,dingle,10.9995,122.6711,24.05,91,81,2.87,PH,1680206685
180,aklavik,68.2191,-135.0107,-14.0,66,0,4.12,CA,1680206685
181,bell ville,-32.6259,-62.6887,23.22,74,85,3.14,AR,1680206685
182,alofi,-19.0595,-169.9187,27.94,78,40,2.57,NU,1680206685
183,necochea,-38.5473,-58.7368,20.18,30,62,4.0,AR,1680206441
184,agno,45.9833,8.85,12.07,95,75,0.0,CH,1680206685
185,norman wells,65.282,-126.8329,-10.98,67,75,7.72,CA,1680206685
186,narsaq,60.9167,-46.05,1.12,74,0,0.52,GL,1680206685
187,arraial do cabo,-22.9661,-42.0278,30.98,74,0,5.14,BR,1680206685
188,joshimath,30.5667,79.5667,10.35,68,100,2.59,IN,1680206601
189,la libertad,-2.2333,-80.9,28.81,84,75,6.69,EC,1680206685
190,kiunga,-6.1219,141.2906,22.23,100,97,0.74,PG,1680206686
191,serov,59.6033,60.5787,-3.49,91,72,3.72,RU,1680206686
192,la palma,33.8464,-118.0467,15.8,63,75,5.14,US,1680206686
193,provideniya,64.3833,-173.3,-8.75,83,94,3.61,RU,1680206686
194,laguna,38.421,-121.4238,15.19,65,40,2.06,US,1680206686
195,sitka,57.0531,-135.33,3.6,69,100,1.7,US,1680206459
196,hambantota,6.1241,81.1185,25.64,84,7,1.68,LK,1680206686
197,kailua,21.4022,-157.7394,27.17,78,75,4.12,US,1680206686
198,broome,42.2506,-75.833,4.83,50,0,6.17,US,1680206687
199,sciacca,37.5082,13.0881,13.35,87,12,3.02,IT,1680206687
200,codrington,-38.2667,141.9667,13.84,74,100,3.94,AU,1680206687
201,bara,10.3744,10.7288,28.6,10,7,3.6,NG,1680206687
202,nanortalik,60.1432,-45.2371,-3.9,74,3,4.04,GL,1680206687
203,sao jose da coroa grande,-8.8978,-35.1478,26.77,74,4,2.62,BR,1680206687
204,maningrida,-12.0667,134.2667,24.32,92,54,3.55,AU,1680206687
205,guerrero negro,27.9769,-114.0611,16.96,48,10,7.68,MX,1680206687
206,victoria,22.2855,114.1577,21.35,91,100,3.58,HK,1680206687
207,cayenne,4.9333,-52.3333,27.02,83,75,3.6,GF,1680206687
208,high level,58.5169,-117.136,-2.94,59,100,6.17,CA,1680206688
209,rancho palos verdes,33.7445,-118.387,15.85,72,17,3.13,US,1680206688
210,san patricio,28.017,-97.5169,27.92,71,100,9.74,US,1680206688
211,sanchez,19.2281,-69.6137,31.01,66,20,6.17,DO,1680206688
212,spencer,43.1414,-95.1444,8.19,53,100,6.69,US,1680206688
213,prince rupert,54.3161,-130.3201,5.05,81,100,2.57,CA,1680206688
214,charters towers,-20.1,146.2667,23.74,71,31,2.93,AU,1680206688
215,kibray,41.3873,69.4641,13.29,59,8,2.45,UZ,1680206688
216,maamba,-17.3667,27.15,22.02,61,3,1.08,ZM,1680206688
217,gallup,35.5281,-108.7426,8.91,55,100,14.92,US,1680206558
218,paracatu,-17.2222,-46.8747,30.66,32,6,0.6,BR,1680206689
219,sumbe,-11.2061,13.8437,25.83,84,50,2.7,AO,1680206689
220,san quintin,30.4833,-115.95,15.13,57,6,7.27,MX,1680206689
221,ancud,-41.8697,-73.8203,11.69,62,74,0.99,CL,1680206689
222,bull savanna,17.8868,-77.5902,27.62,60,1,6.61,JM,1680206689
223,sehithwa,-20.4667,22.7167,26.63,37,96,3.51,BW,1680206689
224,longyearbyen,78.2186,15.6401,-6.09,79,75,4.12,SJ,1680206689
225,sambava,-14.2667,50.1667,26.46,84,99,4.53,MG,1680206689
226,port lincoln,-34.7333,135.8667,15.28,78,96,3.29,AU,1680206690
227,tura,25.5198,90.2201,18.69,80,16,1.58,IN,1680206690
228,rokytne,51.2796,27.214,3.64,91,96,2.63,UA,1680206690
229,college,64.8569,-147.8028,0.04,53,75,2.57,US,1680206691
230,catamarca,-28.4696,-65.7852,30.99,52,7,3.58,AR,1680206472
231,vila velha,-20.3297,-40.2925,30.53,70,0,7.72,BR,1680206470
232,abnub,27.2696,31.1511,16.12,30,0,9.44,EG,1680206691
233,goderich,43.7501,-81.7165,1.62,47,5,5.66,CA,1680206659
234,sangar,63.9242,127.4739,-6.76,85,100,5.0,RU,1680206612
235,plastun,44.7561,136.2939,2.29,59,0,2.68,RU,1680206691
236,basco,20.4487,121.9702,25.54,82,9,2.47,PH,1680206691
237,khatanga,71.9667,102.5,-26.95,97,95,3.65,RU,1680206691
238,bethel,41.3712,-73.414,7.19,31,0,3.6,US,1680206692
239,biak,-0.9131,122.8766,24.67,80,100,1.47,ID,1680206692
240,faya,18.3851,42.4509,16.06,69,5,2.96,SA,1680206692
241,teahupoo,-17.8333,-149.2667,26.98,75,76,2.37,PF,1680206692
242,pangai,-19.8,-174.35,27.06,83,20,3.09,TO,1680206692
243,wawa,9.9022,4.4192,32.32,27,64,1.65,NG,1680206693
244,mon,26.75,95.1,15.73,80,96,1.48,IN,1680206693
245,maumere,-8.6199,122.2111,26.24,80,98,0.98,ID,1680206693
246,akashi,34.6333,134.9833,11.02,66,100,1.19,JP,1680206693
247,panzhihua,26.5851,101.7128,13.65,47,3,0.86,CN,1680206693
248,cabatuan,10.8794,122.486,24.38,87,88,3.67,PH,1680206693
249,souillac,-20.5167,57.5167,26.37,85,94,5.73,MU,1680206694
250,yerbogachen,61.2767,108.0108,-20.97,96,100,1.62,RU,1680206694
251,athabasca,54.7169,-113.2854,-0.77,82,100,4.04,CA,1680206457
252,bozeman,45.6796,-111.0386,1.27,77,20,2.68,US,1680206500
253,pochutla,15.7432,-96.4661,33.79,46,21,4.67,MX,1680206694
254,tacoronte,28.4769,-16.4102,25.18,25,0,3.6,ES,1680206694
255,beringovskiy,63.05,179.3167,-14.71,94,52,2.59,RU,1680206694
256,shingu,33.7333,135.9833,11.23,63,100,1.57,JP,1680206694
257,lagunas,-5.2269,-75.6753,29.17,77,97,0.54,PE,1680206694
258,saint-denis,48.9167,2.3333,15.43,67,75,8.75,FR,1680206694
259,atasu,48.6814,71.6433,-1.24,63,0,7.31,KZ,1680206695
260,copiapo,-27.3667,-70.3333,20.83,39,0,3.8,CL,1680206695
261,bethanien,-26.502,17.1583,20.33,22,0,3.45,NA,1680206699
262,dicabisagan,17.0818,122.4157,24.48,89,100,1.07,PH,1680206699
263,karratha,-20.7377,116.8463,27.03,80,54,2.09,AU,1680206699
264,mar del plata,-38.0023,-57.5575,19.35,69,0,7.72,AR,1680206699
265,sur,22.5667,59.5289,24.85,53,0,3.31,OM,1680206699
266,key west,24.5557,-81.7826,27.78,76,75,5.66,US,1680206400
267,altamira,-3.2033,-52.2064,31.05,66,40,2.06,BR,1680206700
268,kruisfontein,-34.0033,24.7314,13.27,95,4,2.59,ZA,1680206700
269,sisimiut,66.9395,-53.6735,-11.52,75,0,3.2,GL,1680206700
270,scottsbluff,41.8666,-103.6672,19.32,38,1,2.24,US,1680206490
271,mastic beach,40.7668,-72.8521,8.08,31,0,6.17,US,1680206528
272,zapolyarnyy,69.4154,30.8136,-8.4,96,81,4.75,RU,1680206700
273,sassandra,4.95,-6.0833,26.09,85,95,2.91,CI,1680206700
274,barvinkove,48.9097,37.0205,2.13,85,100,7.99,UA,1680206700
275,hamilton,39.1834,-84.5333,17.1,38,2,4.02,US,1680206516
276,vila real,41.3006,-7.7441,13.4,76,72,3.68,PT,1680206645
277,pevek,69.7008,170.3133,-17.44,88,100,3.62,RU,1680206701
278,bilma,18.6853,12.9164,26.68,10,14,4.7,NE,1680206701
279,faridabad,28.4333,77.3167,19.14,52,100,1.3,IN,1680206701
280,santa isabel do rio negro,-0.4139,-65.0192,27.69,89,78,0.61,BR,1680206701
281,lompoc,34.6391,-120.4579,15.85,68,20,5.14,US,1680206701
282,roald,62.5833,6.1333,4.86,64,0,7.2,NO,1680206702
283,coari,-4.085,-63.1414,29.9,68,68,0.74,BR,1680206702
284,russell,32.3502,-85.1999,24.45,27,0,1.54,US,1680206415
285,bajil,15.0584,43.2851,29.8,57,93,2.62,YE,1680206702
286,port moresby,-9.4431,147.1797,23.68,100,20,1.54,PG,1680206703
287,prince albert,53.2001,-105.7677,-4.03,68,75,2.57,CA,1680206411
288,lira,2.235,32.9097,22.14,70,97,1.18,UG,1680206703
289,isangel,-19.55,169.2667,25.44,81,100,1.76,VU,1680206703
290,quesnel,52.9999,-122.5029,3.28,48,0,0.0,CA,1680206703
291,nyurba,63.2842,118.3319,-13.84,94,92,3.14,RU,1680206704
292,tomatlan,19.9333,-105.25,33.53,25,100,3.75,MX,1680206704
293,coquimbo,-29.9533,-71.3436,18.85,72,0,6.69,CL,1680206596
294,grants pass,42.439,-123.3284,12.1,61,100,0.0,US,1680206704
295,tutoia,-2.7619,-42.2744,26.82,85,83,4.59,BR,1680206704
296,inhambane,-23.865,35.3833,22.83,81,8,2.41,MZ,1680206704
297,nome,64.5011,-165.4064,-1.02,93,100,3.6,US,1680206679
298,paramonga,-10.6667,-77.8333,27.05,70,53,4.75,PE,1680206705
299,karla,59.3723,24.9275,-1.02,75,100,1.54,EE,1680206705
300,seoul,37.5683,126.9778,5.78,74,0,0.51,KR,1680206292
301,kamsack,51.5667,-101.9009,-2.54,86,94,2.41,CA,1680206706
302,oga,46.4631,10.347,5.94,88,100,1.62,IT,1680206706
303,nishihara,26.1842,127.7558,21.81,94,75,5.66,JP,1680206706
304,kahului,20.8947,-156.47,27.13,70,40,3.09,US,1680206707
305,talaya,61.3833,152.75,-11.47,83,92,3.63,RU,1680206707
306,makhinjauri,41.6739,41.694,3.92,93,75,2.06,GE,1680206707
307,huancabamba,-5.2386,-79.4506,19.27,84,92,1.01,PE,1680206707
308,ingleside,27.8778,-97.2117,28.0,100,40,7.72,US,1680206707
309,zanjan,36.6736,48.4787,10.21,51,0,4.17,IR,1680206708
310,priyutnoye,46.1011,43.5072,1.24,74,9,3.88,RU,1680206708
311,amapa,1.0,-52.0,27.08,82,64,1.63,BR,1680206708
312,oksfjord,70.2396,22.3479,1.1,99,100,7.42,NO,1680206708
313,hudson bay,52.85,-102.3842,-3.75,69,83,2.23,CA,1680206708
314,cay,38.5917,31.0286,-4.62,72,7,2.65,TR,1680206708
315,havre-saint-pierre,50.2334,-63.5986,1.2,80,100,6.69,CA,1680206709
316,lagoa,39.05,-27.9833,14.62,80,100,5.09,PT,1680206709
317,kaitangata,-46.2817,169.8464,9.96,91,100,1.08,NZ,1680206709
318,altay,47.8667,88.1167,0.85,92,62,2.49,CN,1680206709
319,rosetta,31.4044,30.4164,13.48,54,13,6.68,EG,1680206709
320,san jose,37.3394,-121.895,14.92,59,75,3.6,US,1680206227
321,katsuura,35.1333,140.3,14.31,80,100,3.65,JP,1680206709
322,porkhov,57.765,29.5561,-0.73,94,93,2.67,RU,1680206710
323,oriximina,-1.7656,-55.8661,24.93,94,100,1.7,BR,1680206710
324,evensk,61.95,159.2333,-14.89,95,100,2.33,RU,1680206710
325,pemangkat,1.1667,108.9667,25.6,86,98,1.79,ID,1680206710
326,saryagash,41.4511,69.1701,13.98,59,36,2.32,KZ,1680206710
327,marovoay,-16.1,46.6333,24.63,92,100,2.2,MG,1680206711
328,taoudenni,22.6783,-3.9836,29.18,7,0,5.49,ML,1680206711
329,birao,10.2849,22.7882,28.88,14,34,2.8,CF,1680206711
330,valparaiso,-33.0393,-71.6273,31.13,15,0,5.66,CL,1680206629
331,lata,40.1629,-8.3327,16.07,82,100,2.07,PT,1680206711
332,olinda,-8.0089,-34.8553,27.85,69,20,3.09,BR,1680206711
333,seaside,36.6111,-121.8516,14.4,66,40,3.6,US,1680206712
334,clyde river,70.4692,-68.5914,-17.87,78,100,5.66,CA,1680206712
335,huambo,-12.7761,15.7392,16.19,95,100,1.18,AO,1680206712
336,beloha,-25.1667,45.05,21.6,90,24,2.84,MG,1680206712
337,adrar,20.5022,-10.0711,29.28,9,0,5.93,MR,1680206712
338,hasaki,35.7333,140.8333,10.68,77,100,4.36,JP,1680206712
339,shimoda,34.6667,138.95,10.06,65,100,1.48,JP,1680206713
340,longkou,37.6508,120.3286,9.0,45,0,4.53,CN,1680206713
341,naryan-mar,67.6713,53.087,-0.94,87,100,8.74,RU,1680206713
342,kanniyakumari,8.0833,77.5667,26.98,82,6,4.94,IN,1680206713
343,nova granada,-20.5339,-49.3142,31.14,76,82,0.62,BR,1680206713
344,xichang,27.8964,102.2634,11.57,83,62,1.18,CN,1680206714
345,aasiaat,68.7098,-52.8699,-21.5,92,6,1.64,GL,1680206714
346,champerico,14.3,-91.9167,34.3,57,3,5.14,GT,1680206714
347,komsomolskiy,40.4272,71.7189,15.4,63,100,1.03,UZ,1680206714
348,portland,45.5234,-122.6762,12.67,69,75,5.36,US,1680206273
349,port macquarie,-31.4333,152.9167,11.05,68,0,2.89,AU,1680206714
350,nizhniy odes,63.6445,54.856,0.28,89,100,5.46,RU,1680206714
351,antofagasta,-23.65,-70.4,22.6,73,39,3.55,CL,1680206715
352,nouakchott,18.0858,-15.9785,24.96,60,0,5.81,MR,1680206715
353,ajaccio,42.0,8.9167,9.03,54,0,3.6,FR,1680206715
354,bera,24.0833,89.6167,23.93,78,0,4.11,BD,1680206715
355,mouila,-1.8685,11.0559,22.61,98,100,1.18,GA,1680206715
356,cockburn town,21.4612,-71.1419,25.55,72,2,5.13,TC,1680206715
357,preobrazheniye,42.9019,133.9064,4.35,54,0,1.77,RU,1680206716
358,sorong,-0.8833,131.25,26.69,81,100,0.66,ID,1680206716
359,mercedes,-34.6515,-59.4307,24.36,50,64,4.76,AR,1680206705
360,huanan,46.2167,130.5167,2.63,40,0,0.74,CN,1680206716
361,quatre cocos,-20.2078,57.7625,26.72,86,53,6.1,MU,1680206717
362,bitung,1.4451,125.1824,24.47,84,76,2.43,ID,1680206717
363,annau,37.8876,58.516,18.72,39,12,2.06,TM,1680206717
364,schweinfurt,50.05,10.2333,12.0,91,8,4.22,DE,1680206717
365,erzin,36.9559,36.2,5.33,37,82,1.47,TR,1680206717
366,kavaratti,10.5669,72.642,27.24,71,21,3.8,IN,1680206717
367,siocon,7.7061,122.1353,25.76,85,100,1.32,PH,1680206717
368,cabo san lucas,22.8909,-109.9124,27.61,42,100,3.6,MX,1680206665
369,namyslow,51.0759,17.7228,11.67,88,100,5.84,PL,1680206718
370,lokosovo,61.1333,74.8167,-14.01,96,14,2.62,RU,1680206718
371,huarmey,-10.0681,-78.1522,27.51,69,43,4.83,PE,1680206718
372,klaksvik,62.2266,-6.589,7.51,98,100,12.4,FO,1680206718
373,noumea,-22.2763,166.4572,25.56,99,6,2.16,NC,1680206111
374,kutum,14.2,24.6667,23.9,11,35,8.59,SD,1680206718
375,san vicente,-26.6167,-54.1333,25.17,60,100,0.32,AR,1680206719
376,port keats,-14.25,129.55,25.14,80,100,1.75,AU,1680206719
377,qinhuangdao,39.9317,119.5883,11.13,46,0,2.36,CN,1680206719
378,kemi,65.8596,24.8228,-4.13,68,40,4.63,FI,1680206719
379,kenora,49.8167,-94.4337,-2.46,54,75,3.6,CA,1680206605
380,nekrasovka,48.3525,135.2325,-1.99,68,0,3.0,RU,1680206719
381,port-cartier,50.0334,-66.8654,-0.7,95,100,2.57,CA,1680206578
382,najran,17.4924,44.1277,24.36,43,27,2.13,SA,1680206719
383,fort nelson,58.8053,-122.7002,-0.59,80,100,1.54,CA,1680206720
384,sola,-13.8833,167.55,27.71,72,57,2.51,VU,1680206720
385,lakes entrance,-37.8811,147.981,13.98,88,100,5.67,AU,1680206720
386,trapani,37.8333,12.6667,12.93,85,10,4.15,IT,1680206720
387,lulea,65.5842,22.1547,-1.96,59,0,2.57,SE,1680206725
388,tazovskiy,67.4667,78.7,-28.55,100,9,2.88,RU,1680206725
389,hualmay,-11.0964,-77.6139,27.09,70,44,5.1,PE,1680206725
390,bacolod,10.6667,122.95,25.55,83,59,2.31,PH,1680206726
391,ouadda,8.0777,22.4007,26.1,25,97,1.35,CF,1680206726
392,shawville,45.6001,-76.4827,2.09,64,100,4.48,CA,1680206726
393,sembe,1.6481,14.5806,21.53,98,100,1.24,CG,1680206726
394,antsohihy,-14.8796,47.9875,23.78,96,87,0.44,MG,1680206726
395,saint-augustin,51.226,-58.6502,0.69,77,86,4.62,CA,1680206726
396,lima,-12.0432,-77.0282,26.14,69,75,6.17,PE,1680206401
397,bada,51.392,109.8717,0.98,77,60,1.94,RU,1680206727
398,boa esperanca,-21.09,-45.5658,23.51,79,99,1.01,BR,1680206727
399,hirtshals,57.5881,9.9592,3.25,96,100,8.94,DK,1680206727
400,benguela,-12.5763,13.4055,25.47,82,92,1.58,AO,1680206727
401,iquique,-20.2208,-70.1431,26.02,77,23,3.46,CL,1680206504
402,la baule-escoublac,47.2922,-2.364,12.81,93,75,9.26,FR,1680206727
403,taos,36.4072,-105.5731,15.22,15,0,11.32,US,1680206728
404,meulaboh,4.1363,96.1285,24.73,85,100,1.47,ID,1680206728
405,dubbo,-32.25,148.6167,6.07,93,21,0.0,AU,1680206728
406,sobolevo,54.4299,31.8996,-3.13,95,10,1.41,RU,1680206728
407,samarai,-10.6167,150.6667,27.83,76,73,1.71,PG,1680206728
408,nurota,40.5614,65.6886,18.4,45,1,3.27,UZ,1680206728
409,golden,39.7555,-105.2211,19.27,13,20,14.4,US,1680206537
410,tymovskoye,50.8456,142.655,-2.2,97,100,0.59,RU,1680206729
411,kisangani,0.5167,25.2,21.55,98,100,2.62,CD,1680206729
412,port hardy,50.6996,-127.4199,7.1,61,75,2.57,CA,1680206458
413,ginir,7.1333,40.7,15.49,83,80,1.55,ET,1680206729
414,henties bay,-22.116,14.2845,14.9,93,6,2.59,NA,1680206730
415,lasa,46.6166,10.7002,9.46,92,92,1.79,IT,1680206730
416,qandala,11.472,49.8728,29.02,71,0,2.99,SO,1680206730
417,bathsheba,13.2167,-59.5167,29.34,58,20,9.26,BB,1680206730
418,limbang,4.75,115.0,25.06,97,100,2.12,MY,1680206730
419,lovozero,68.005,35.0117,-14.07,94,9,3.6,RU,1680206730
420,alice springs,-23.7,133.8833,17.75,88,100,0.51,AU,1680206730
421,svencionys,55.15,26.1667,2.65,89,98,2.72,LT,1680206731
422,aldan,58.6031,125.3894,-2.39,80,100,3.31,RU,1680206731
423,nakamura,32.9833,132.9333,11.63,75,100,1.06,JP,1680206731
424,ginda,30.6945,78.4932,11.6,56,100,2.21,IN,1680206731
425,barpali,21.2,83.5833,27.67,44,53,0.75,IN,1680206731
426,christchurch,-43.5333,172.6333,10.51,84,100,4.12,NZ,1680206731
427,ferme-neuve,46.7001,-75.4493,-2.89,69,100,4.52,CA,1680206731
428,malkangiri,18.35,81.9,26.31,65,12,1.06,IN,1680206732
429,peleduy,59.6289,112.7406,-7.6,94,100,3.47,RU,1680206732
430,rota,36.6224,-6.3586,19.05,94,0,5.14,ES,1680206433
431,wajid,3.8093,43.2471,28.42,51,83,8.16,SO,1680206732
432,vestmannaeyjar,63.4427,-20.2734,4.76,87,100,3.17,IS,1680206732
433,mbekenyera,-10.0,38.9833,21.66,97,91,1.31,TZ,1680206733
434,yenagoa,4.9247,6.2642,26.51,84,63,3.41,NG,1680206733
435,yokadouma,3.5167,15.05,19.8,98,100,0.46,CM,1680206733
436,challapata,-18.9,-66.7667,12.78,55,88,1.96,BO,1680206733
437,anadyr,64.75,177.4833,-15.72,84,20,5.0,RU,1680206734
438,visnes,59.3556,5.2242,4.56,87,75,1.03,NO,1680206734
439,hami,42.8,93.45,12.41,17,0,4.87,CN,1680206734
440,belaya gora,68.5333,146.4167,-17.79,98,100,2.6,RU,1680206734
441,kirakira,-10.4544,161.9205,26.34,83,97,0.15,SB,1680206734
442,eyl,7.9803,49.8164,26.92,74,1,4.66,SO,1680206735
443,port-gentil,-0.7193,8.7815,26.98,83,20,3.09,GA,1680206735
444,simbahan,6.3032,120.5836,27.14,77,100,1.44,PH,1680206735
445,egvekinot,66.3167,-179.1667,-15.72,88,39,1.89,RU,1680206735
446,la ronge,55.1001,-105.2842,-3.86,30,40,1.54,CA,1680206736
447,angoche,-16.2325,39.9086,24.56,81,94,2.2,MZ,1680206736
448,luau,-10.7073,22.2247,18.38,97,100,1.4,AO,1680206736
449,okhotsk,59.3833,143.3,-5.1,95,100,3.0,RU,1680206736
450,camopi,3.1655,-52.3158,26.35,88,46,1.78,GF,1680206479
451,ngunguru,-35.6167,174.5,12.81,67,11,0.97,NZ,1680206736
452,rocha,-34.4833,-54.3333,19.08,74,99,3.53,UY,1680206488
453,paysandu,-32.3214,-58.0756,24.93,79,99,3.04,UY,1680206486
454,witney,51.7836,-1.4854,12.07,87,75,6.17,GB,1680206737
455,baykit,61.67,96.37,-25.16,100,89,1.56,RU,1680206737
456,brae,60.3964,-1.353,7.29,93,98,4.22,GB,1680206737
457,vila,42.0304,-8.1588,9.83,90,100,4.39,PT,1680206737
458,dalbandin,28.8947,64.4101,20.24,39,0,1.45,PK,1680206737
459,lewistown,40.5992,-77.5714,9.64,31,0,4.63,US,1680206453
460,alyangula,-13.8483,136.4192,26.26,76,60,3.02,AU,1680206737
461,agirish,61.9247,63.0231,-7.91,84,92,3.93,RU,1680206737
462,koryazhma,61.3143,47.1691,2.54,90,100,4.83,RU,1680206738
463,waingapu,-9.6567,120.2641,25.38,86,42,1.96,ID,1680206738
464,goure,13.9835,10.2704,26.97,7,98,4.06,NE,1680206738
465,saquena,-4.6667,-73.5167,32.55,54,88,0.05,PE,1680206738
466,punta cardon,11.6581,-70.215,27.64,64,1,14.19,VE,1680206738
467,milton,34.1322,-84.3007,23.89,24,3,0.45,US,1680206485
468,beyneu,45.3167,55.2,15.74,61,44,4.38,KZ,1680206738
469,mashhad,36.297,59.6062,17.08,51,0,2.06,IR,1680206738
470,mambulo,13.7167,123.05,24.09,92,91,1.39,PH,1680206738
471,maceio,-9.6658,-35.7353,28.69,69,40,4.63,BR,1680206672
472,bozova,37.3625,38.5267,5.51,50,100,4.68,TR,1680206739
473,uglovskoye,51.3557,80.1942,-3.47,58,3,5.41,RU,1680206739
474,kaeo,-35.1,173.7833,13.32,70,10,1.1,NZ,1680206739
475,yarovoye,52.9273,78.58,-3.39,69,7,3.66,RU,1680206739
476,butterworth,5.3991,100.3638,28.03,83,20,1.54,MY,1680206739
477,fare,-16.7,-151.0167,27.56,72,94,4.08,PF,1680206740
478,bandarbeyla,9.4942,50.8122,27.09,73,1,3.47,SO,1680206740
479,iqaluit,63.7506,-68.5145,-16.15,77,20,1.03,CA,1680206740
480,cabedelo,-6.9811,-34.8339,28.37,74,26,5.65,BR,1680206740
481,dunedin,-45.8742,170.5036,11.0,95,99,0.45,NZ,1680206740
482,fortuna,40.5982,-124.1573,12.18,75,11,0.89,US,1680206740
483,snasa,64.2457,12.3778,-6.33,87,2,1.95,NO,1680206740
484,punta gorda,26.9298,-82.0454,31.67,58,20,6.69,US,1680206740
485,beroroha,-21.6667,45.1667,22.78,93,5,0.59,MG,1680206741
486,vanimo,-2.6741,141.3028,24.89,88,100,2.31,PG,1680206741
487,dauphin,51.1494,-100.0502,-1.92,69,0,3.6,CA,1680206522
488,kigoma,-4.8769,29.6267,22.33,94,75,0.0,TZ,1680206741
489,soe,-9.8607,124.284,18.69,97,100,1.55,ID,1680206741
490,shelburne,44.0787,-80.2041,3.2,58,78,5.29,CA,1680206741
491,boca do acre,-8.7522,-67.3978,27.62,86,99,0.89,BR,1680206741
492,sistranda,63.7256,8.834,-3.02,57,2,9.14,NO,1680206741
493,hanyang,32.1371,105.5126,11.37,79,99,0.75,CN,1680206741
494,baramati,18.15,74.5833,23.46,54,6,4.62,IN,1680206742
495,mantua,45.1667,10.7833,14.47,81,83,0.89,IT,1680206742
496,la brea,15.8,-85.9667,29.73,62,20,6.17,HN,1680206742
497,goundam,16.4145,-3.6708,30.15,7,2,3.82,ML,1680206742
498,hokitika,-42.7167,170.9667,10.72,71,1,2.34,NZ,1680206742
499,holovyne,50.4712,28.8253,-0.46,84,69,3.23,UA,1680206742
500,pisco,-13.7,-76.2167,28.03,61,75,4.12,PE,1680206742
501,luanda,-8.8368,13.2343,27.0,83,75,3.09,AO,1680206743
502,price,39.5994,-110.8107,5.06,86,100,4.63,US,1680206743
503,mana,5.6592,-53.7767,27.55,69,45,4.64,GF,1680206743
504,emba,48.8264,58.1442,10.9,63,100,12.45,KZ,1680206743
505,bardiyah,31.7561,25.0865,14.19,62,0,5.56,LY,1680206743
506,mtambile,-5.3833,39.7,27.37,75,2,4.02,TZ,1680206743
507,bam,29.106,58.357,21.58,29,0,0.49,IR,1680206744
508,beidao,34.5686,105.8933,8.81,82,26,2.39,CN,1680206744
509,thinadhoo,0.5333,72.9333,28.03,75,34,3.34,MV,1680206744
510,djibo,14.1022,-1.6306,32.66,8,4,3.94,BF,1680206744
511,tyulgan,52.3405,56.166,-1.15,74,100,10.55,RU,1680206744
512,north bend,43.4065,-124.2243,10.69,76,100,5.66,US,1680206744
513,renukut,24.2,83.0333,24.82,40,92,1.75,IN,1680206745
514,palmer,42.1584,-72.3287,5.48,27,20,8.23,US,1680206745
515,bagamoyo,-6.4333,38.9,27.99,86,6,2.28,TZ,1680206745
516,pata,17.7152,121.5018,23.18,91,97,0.95,PH,1680206745
517,cururupu,-1.8283,-44.8683,25.91,92,85,1.85,BR,1680206745
518,san ignacio,17.1561,-89.0714,28.08,69,75,3.09,BZ,1680206521
519,santa maria,-29.6842,-53.8069,27.61,65,75,2.06,BR,1680206745
520,mirador,-6.3708,-44.3631,26.87,80,100,0.44,BR,1680206745
521,luderitz,-26.6481,15.1594,16.85,72,0,8.45,NA,1680206745
522,richards bay,-28.783,32.0377,19.33,92,100,2.34,ZA,1680206745
523,carutapera,-1.195,-46.02,27.24,79,92,3.38,BR,1680206746
524,jalcocotan,21.4667,-105.1167,33.34,24,100,2.94,MX,1680206746
525,sarangani,5.4033,125.4636,27.71,77,100,6.46,PH,1680206746
526,mata,40.683,-7.4592,14.4,84,100,4.4,PT,1680206746
527,ati,13.2154,18.3353,33.17,14,69,3.94,TD,1680206746
528,arica,-18.475,-70.3042,28.75,65,0,6.69,CL,1680206746
529,show low,34.2542,-110.0298,6.71,64,75,12.35,US,1680206599
530,te anau,-45.4167,167.7167,5.53,87,91,0.36,NZ,1680206747
531,ler,8.3018,30.1418,30.95,14,78,2.23,SS,1680206747
532,asbury park,40.2204,-74.0121,10.05,30,0,7.72,US,1680206747
533,bani walid,31.7566,13.9942,15.6,44,0,5.52,LY,1680206747
534,cleveland,41.4995,-81.6954,9.78,46,0,5.14,US,1680206568
535,chase,50.8165,-119.6857,9.49,68,93,1.37,CA,1680206747
536,sivaki,52.6333,126.75,-3.57,82,45,2.58,RU,1680206747
537,kalianget,-7.05,113.9333,24.9,87,100,3.8,ID,1680206748
538,tadine,-21.55,167.8833,24.97,84,100,3.16,NC,1680206748
539,koslan,63.4564,48.8989,1.66,90,100,5.46,RU,1680206748
540,ponta delgada,37.7333,-25.6667,17.4,94,75,5.14,PT,1680206748
541,sarankhola,22.3082,89.7897,24.07,93,3,2.55,BD,1680206748
542,koumac,-20.5667,164.2833,25.21,81,40,2.0,NC,1680206748
543,kambove,-10.8764,26.5969,16.78,97,100,0.62,CD,1680206748
544,lamont,35.2597,-118.9143,13.15,64,84,3.43,US,1680206749
545,ulenje,-8.9333,33.6833,13.33,94,73,1.01,TZ,1680206749
546,porto novo,6.4965,2.6036,28.9,80,100,3.34,BJ,1680206582
547,tolbazy,54.0241,55.8825,0.06,59,90,7.21,RU,1680206749
548,comodoro rivadavia,-45.8667,-67.5,10.92,50,20,3.6,AR,1680206749
549,neiafu,-18.65,-173.9833,27.38,83,40,3.6,TO,1680206749
550,la romana,18.4273,-68.9728,31.2,51,20,5.14,DO,1680206749
551,sao filipe,14.8961,-24.4956,23.8,75,42,3.18,CV,1680206749
552,faanui,-16.4833,-151.75,27.78,74,99,4.57,PF,1680206749
553,luleburgaz,41.4039,27.3592,2.87,64,1,2.94,TR,1680206750
554,marau,-28.4492,-52.2,26.97,89,100,1.43,BR,1680206750
555,douglas,41.3,-96.167,23.25,44,75,10.8,US,1680206517
556,algarrobo,10.1869,-74.5753,39.43,22,2,3.58,CO,1680206750
557,sidrolandia,-20.9319,-54.9614,26.51,72,65,1.82,BR,1680206750
558,sao domingos,-13.3983,-46.3183,27.79,59,96,1.26,BR,1680206750
